"indicationgroupid","indicationid"
"1","1721"
"1","5984"
"1","6034"
"1","6074"
"1","6694"
"1","8714"
"1","27644"
"1","34904"
"1","35204"
"1","41434"
"1","57364"
"1","58934"
"1","61664"
"1","67714"
"1","68714"
"1","69114"
"1","69364"
"1","71304"
"1","75924"
"1","78124"
"1","78144"
"1","78184"
"1","79124"
"1","80764"
"1","85974"
"1","88224"
"1","89114"
"1","91444"
"1","91454"
"2","904"
"2","924"
"2","5394"
"2","6914"
"2","7204"
"2","8714"
"2","27944"
"2","35184"
"2","41574"
"2","42414"
"2","42554"
"2","57694"
"2","60574"
"2","61304"
"2","62224"
"2","64214"
"2","64224"
"2","68714"
"2","68724"
"2","71664"
"2","78214"
"2","78224"
"2","83554"
"2","90914"
"3","6444"
"3","6464"
"3","35164"
"3","67004"
"3","70934"
"3","70944"
"3","72854"
"3","72864"
"3","73674"
"3","75134"
"3","80514"
"5","6494"
"5","6514"
"5","7624"
"5","7634"
"5","7984"
"5","9284"
"5","27674"
"5","35174"
"5","36044"
"5","36054"
"6","6414"
"6","43594"
"9","2414"
"9","39704"
"9","91794"
"11","7454"
"11","84144"
"12","904"
"12","1004"
"12","78224"
"12","83554"
"14","7184"
"14","35134"
"16","874"
"16","6874"
"16","6884"
"16","6914"
"16","6944"
"16","6984"
"16","7184"
"16","7481"
"16","7791"
"16","8804"
"16","18134"
"16","34964"
"16","35134"
"16","35794"
"16","35804"
"16","36144"
"16","61044"
"16","61304"
"16","62044"
"16","67234"
"16","67994"
"16","68374"
"16","68384"
"16","68774"
"16","71054"
"16","73114"
"16","79444"
"16","82894"
"16","84114"
"16","84854"
"16","85954"
"16","86084"
"16","86824"
"20","8004"
"20","9074"
"20","9164"
"20","26113"
"20","26734"
"20","26744"
"20","33134"
"20","35884"
"20","42554"
"20","58914"
"20","59854"
"20","69914"
"20","78284"
"20","78534"
"20","79744"
"20","81234"
"20","82314"
"20","84324"
"20","85494"
"21","2241"
"21","6644"
"21","6714"
"21","6724"
"21","7541"
"21","8994"
"21","17074"
"21","31021"
"21","43544"
"21","58634"
"21","60934"
"21","61974"
"21","62174"
"21","67164"
"21","67704"
"21","68764"
"21","69854"
"21","69864"
"21","74714"
"21","75424"
"21","76364"
"21","76404"
"21","78644"
"21","81474"
"21","84254"
"21","90374"
"21","91464"
"21","91474"
"29","3071"
"29","5444"
"29","7644"
"29","7664"
"29","18904"
"29","34974"
"29","36804"
"29","43064"
"29","43204"
"29","43574"
"29","60844"
"29","61494"
"29","61504"
"30","2414"
"30","11681"
"30","33614"
"30","38504"
"30","39704"
"30","58324"
"30","64094"
"30","79894"
"30","84684"
"30","91794"
"32","7354"
"32","7724"
"32","8604"
"32","67784"
"33","6554"
"33","6774"
"33","12754"
"33","27614"
"33","27934"
"33","35814"
"33","39102"
"33","50201"
"33","57514"
"33","60084"
"33","60094"
"33","61384"
"33","69704"
"33","69884"
"33","69914"
"33","70714"
"33","70734"
"33","70744"
"33","72814"
"33","73494"
"33","73984"
"33","74304"
"33","74314"
"33","74434"
"33","74444"
"33","74464"
"33","74884"
"33","79744"
"33","79774"
"33","81164"
"33","82954"
"33","82964"
"33","83654"
"33","83684"
"33","83694"
"33","84054"
"33","84064"
"33","84254"
"33","84324"
"33","85494"
"33","91444"
"33","91454"
"33","91464"
"33","91474"
"34","7354"
"34","37234"
"34","37244"
"35","1831"
"35","4851"
"35","8604"
"35","27744"
"35","70834"
"35","70854"
"35","74564"
"35","74894"
"35","76664"
"35","80424"
"36","6344"
"36","6354"
"37","7604"
"37","36884"
"38","6794"
"38","35144"
"38","88354"
"40","27014"
"40","61224"
"40","84164"
"40","84184"
"40","84204"
"41","8414"
"41","27004"
"41","29974"
"42","12094"
"42","27784"
"42","63444"
"43","7104"
"43","12734"
"43","88174"
"44","164"
"44","1844"
"44","8793"
"44","11172"
"44","11454"
"44","14053"
"44","14144"
"44","23153"
"44","28643"
"44","30124"
"44","34944"
"44","72544"
"45","9194"
"45","26344"
"47","4931"
"47","13884"
"47","27754"
"47","31014"
"47","43694"
"48","18114"
"48","18134"
"48","18154"
"48","28874"
"48","29144"
"48","82894"
"48","91764"
"49","14544"
"49","19143"
"49","41572"
"49","42404"
"49","44194"
"49","80054"
"49","82844"
"50","11614"
"50","16664"
"50","35414"
"50","91774"
"53","7064"
"53","40974"
"54","20434"
"54","20534"
"54","77794"
"54","89084"
"55","6274"
"55","35004"
"55","57694"
"55","66324"
"55","76644"
"57","7054"
"57","27624"
"57","34954"
"57","60954"
"57","74274"
"57","79134"
"57","82364"
"57","82404"
"58","494"
"58","963"
"58","29184"
"58","32574"
"58","40664"
"58","42844"
"58","77854"
"58","77874"
"58","84294"
"58","85454"
"58","85964"
"58","86384"
"58","88374"
"58","88384"
"59","504"
"59","8694"
"59","42694"
"59","42704"
"59","42714"
"59","42854"
"59","49161"
"59","61574"
"59","61584"
"59","86904"
"61","684"
"61","874"
"61","914"
"61","1644"
"61","1674"
"61","1781"
"61","1791"
"61","2544"
"61","5134"
"61","5554"
"61","6884"
"61","7184"
"61","34984"
"61","35134"
"61","35154"
"61","36384"
"61","42824"
"61","42944"
"61","61854"
"61","74694"
"61","86084"
"62","4564"
"62","14854"
"62","24744"
"62","29694"
"62","36674"
"62","64774"
"62","64784"
"62","70474"
"62","80414"
"62","83374"
"62","83534"
"65","3184"
"65","80574"
"66","24"
"66","25844"
"66","30834"
"66","57431"
"66","72624"
"67","874"
"68","1954"
"68","4724"
"68","31214"
"69","584"
"69","6994"
"69","7894"
"69","9084"
"69","13874"
"69","20644"
"69","24744"
"69","29224"
"69","29234"
"69","36834"
"69","42784"
"69","42864"
"69","42874"
"69","44864"
"69","44874"
"69","64754"
"69","67284"
"69","67294"
"69","68264"
"69","68594"
"69","69794"
"69","69804"
"69","71544"
"69","71684"
"69","72704"
"69","74604"
"69","74614"
"69","74634"
"69","74644"
"69","74874"
"69","78194"
"69","79404"
"69","79794"
"69","83124"
"69","83154"
"69","83534"
"69","84304"
"69","84644"
"69","84654"
"69","85864"
"69","85874"
"69","89034"
"70","3114"
"70","19904"
"70","21924"
"70","35064"
"71","3301"
"71","29204"
"71","78084"
"71","78094"
"71","88454"
"73","1981"
"73","5894"
"73","9044"
"73","31284"
"73","32744"
"73","32764"
"73","32774"
"73","32804"
"73","32814"
"73","32824"
"73","32834"
"73","32864"
"73","32984"
"73","34444"
"73","43864"
"73","44564"
"73","44574"
"73","44614"
"73","44624"
"73","44654"
"73","44984"
"73","44994"
"73","57924"
"73","59104"
"73","62054"
"73","62064"
"73","62274"
"73","66204"
"73","66984"
"73","66994"
"73","67204"
"73","67224"
"73","67304"
"73","67314"
"73","67324"
"73","67334"
"73","67354"
"73","67364"
"73","67894"
"73","67904"
"73","68194"
"73","69304"
"73","72014"
"73","72024"
"73","73794"
"73","74284"
"73","74294"
"73","81114"
"73","81244"
"73","81284"
"73","86674"
"73","86704"
"73","86714"
"73","87084"
"73","87094"
"73","87114"
"73","87124"
"73","87484"
"73","89564"
"73","89934"
"74","28894"
"74","34884"
"74","74624"
"74","82154"
"74","83204"
"75","29274"
"76","2954"
"77","37454"
"78","1994"
"78","5874"
"78","68404"
"80","33974"
"80","35194"
"80","35914"
"80","43054"
"80","57604"
"80","62854"
"80","70254"
"80","84434"
"80","84444"
"80","86834"
"80","86884"
"80","87224"
"80","87234"
"87","434"
"87","30744"
"87","83984"
"95","11694"
"97","12594"
"97","60764"
"97","77724"
"104","10164"
"104","36534"
"105","9964"
"105","38804"
"105","44824"
"105","67974"
"105","67984"
"105","71714"
"105","83014"
"105","83024"
"105","86414"
"107","13604"
"107","17904"
"107","27374"
"107","35274"
"107","35284"
"107","36634"
"107","37124"
"107","37274"
"107","60174"
"107","65274"
"107","80434"
"107","81494"
"107","83564"
"107","83574"
"108","214"
"108","4364"
"108","4374"
"108","4514"
"108","4854"
"108","5881"
"108","24174"
"108","34914"
"108","37514"
"108","37614"
"108","43814"
"108","44004"
"108","44074"
"108","58874"
"108","58884"
"108","64534"
"108","64714"
"108","66804"
"108","69224"
"108","74814"
"108","77934"
"108","82634"
"108","82674"
"108","88414"
"108","91214"
"111","17954"
"111","77584"
"114","1884"
"114","12634"
"114","57784"
"114","68924"
"114","83304"
"117","15314"
"117","16334"
"117","73914"
"117","89924"
"121","4404"
"121","81304"
"122","32054"
"122","67584"
"123","10654"
"123","34144"
"123","36294"
"123","59304"
"128","35454"
"129","12964"
"129","26674"
"129","31304"
"129","36374"
"129","44274"
"129","79244"
"129","81664"
"130","2894"
"130","18074"
"130","18483"
"130","23534"
"130","31254"
"130","34644"
"130","34894"
"130","37124"
"130","37154"
"130","37504"
"130","58634"
"130","60934"
"130","74714"
"130","80584"
"130","81204"
"130","81214"
"130","81224"
"130","81774"
"130","83054"
"130","83064"
"130","83074"
"130","83564"
"131","7124"
"131","7134"
"131","57654"
"131","57664"
"131","57944"
"131","57954"
"131","57964"
"131","57984"
"131","57994"
"131","63504"
"131","63514"
"131","63524"
"131","63534"
"131","63544"
"131","63554"
"131","71704"
"131","74964"
"131","75984"
"131","75994"
"131","77964"
"131","77974"
"131","77984"
"131","77994"
"131","78014"
"131","78734"
"131","78744"
"131","79534"
"131","79554"
"131","81254"
"131","83864"
"131","85844"
"131","86464"
"133","8401"
"133","71574"
"137","18634"
"137","24593"
"137","42554"
"137","78504"
"137","92254"
"137","92284"
"137","92294"
"138","4924"
"138","22414"
"138","22464"
"138","34824"
"138","38864"
"138","38874"
"138","38914"
"138","39044"
"138","39074"
"138","39084"
"138","44834"
"138","44844"
"138","57464"
"138","57564"
"138","61174"
"138","62184"
"138","64024"
"138","71274"
"138","71284"
"138","72034"
"138","72044"
"138","72804"
"138","73804"
"138","79054"
"138","80604"
"138","81794"
"138","81884"
"138","81984"
"138","81994"
"138","82104"
"138","83164"
"138","83994"
"138","87044"
"138","87704"
"138","87714"
"138","87784"
"138","87794"
"138","87804"
"138","88084"
"138","88324"
"138","89324"
"138","89334"
"138","90384"
"138","90484"
"138","91254"
"138","91264"
"138","91384"
"138","92064"
"138","92074"
"141","5354"
"141","7904"
"141","26314"
"141","27964"
"141","34984"
"141","41144"
"141","43274"
"141","77434"
"141","89184"
"141","89194"
"141","89764"
"141","91984"
"142","3741"
"142","20754"
"142","21194"
"142","39574"
"142","58734"
"142","60444"
"142","64234"
"142","65414"
"142","67344"
"142","67634"
"142","69434"
"142","72784"
"142","72794"
"142","80464"
"143","8934"
"143","19084"
"143","31664"
"143","36954"
"143","43404"
"143","57874"
"143","57884"
"143","64064"
"143","75384"
"143","85064"
"143","91294"
"145","20554"
"145","27564"
"145","29524"
"145","33104"
"145","33114"
"145","54841"
"145","69314"
"145","69484"
"145","79524"
"147","5194"
"147","26624"
"147","29544"
"147","31734"
"147","58714"
"147","58974"
"147","61994"
"147","71674"
"147","78064"
"147","78074"
"148","6124"
"148","29444"
"148","29474"
"149","21194"
"149","24314"
"149","24694"
"149","24704"
"149","24944"
"149","31694"
"149","57774"
"149","57884"
"149","68314"
"149","68664"
"149","85124"
"149","85414"
"149","85424"
"149","85434"
"149","88444"
"149","88504"
"149","88544"
"149","88644"
"149","88704"
"149","90684"
"151","20804"
"151","24494"
"151","26274"
"151","64464"
"151","89954"
"154","3344"
"154","3364"
"154","27924"
"154","29584"
"154","30452"
"154","39554"
"154","39584"
"154","62294"
"154","64494"
"154","69774"
"154","75114"
"154","80204"
"154","82824"
"154","82834"
"154","88754"
"154","91414"
"155","10134"
"155","13214"
"155","14804"
"155","16414"
"155","26594"
"155","28054"
"155","30254"
"155","34834"
"155","35074"
"155","35544"
"155","35714"
"155","36134"
"155","36254"
"155","44914"
"155","57534"
"155","60354"
"155","62504"
"155","62514"
"155","64594"
"155","76614"
"155","83394"
"155","83754"
"158","2764"
"158","5194"
"158","19324"
"158","22984"
"158","29594"
"158","30581"
"158","42364"
"159","1554"
"159","24984"
"159","37214"
"159","39742"
"159","72394"
"160","7704"
"160","18143"
"160","23504"
"160","33084"
"160","59434"
"160","61554"
"160","61564"
"160","83804"
"160","85074"
"160","85094"
"160","85134"
"160","85164"
"160","88554"
"160","88564"
"160","88674"
"163","7724"
"163","9414"
"163","20733"
"163","31573"
"163","32904"
"163","72964"
"163","78024"
"163","78034"
"163","92554"
"164","20784"
"167","5974"
"167","7124"
"167","7134"
"167","7154"
"167","9304"
"167","30434"
"167","30514"
"167","30554"
"167","34214"
"167","34224"
"167","34234"
"167","37564"
"167","37584"
"167","37594"
"167","38804"
"167","42654"
"167","43094"
"167","57654"
"167","57664"
"167","57984"
"167","57994"
"167","61614"
"167","62554"
"167","63364"
"167","63524"
"167","63554"
"167","69694"
"167","70884"
"167","71374"
"167","71704"
"167","75984"
"167","75994"
"167","76334"
"167","76344"
"167","76694"
"167","76704"
"167","76714"
"167","77964"
"167","77974"
"167","78734"
"167","78744"
"167","79534"
"167","81254"
"167","83864"
"167","85844"
"167","86414"
"167","91134"
"168","7124"
"168","7134"
"168","14004"
"168","30584"
"168","57654"
"168","57664"
"168","57944"
"168","57954"
"168","57964"
"168","57984"
"168","57994"
"168","63494"
"168","63504"
"168","63514"
"168","63524"
"168","63534"
"168","63544"
"168","63554"
"168","63564"
"168","64154"
"168","68814"
"168","71704"
"168","74934"
"168","74944"
"168","74954"
"168","74964"
"168","75964"
"168","75974"
"168","75984"
"168","75994"
"168","77964"
"168","77974"
"168","77984"
"168","77994"
"168","78004"
"168","78014"
"168","78734"
"168","78744"
"168","79524"
"168","79534"
"168","79544"
"168","79554"
"168","80484"
"168","81254"
"168","83864"
"168","85844"
"168","86394"
"168","86464"
"168","86494"
"168","88684"
"168","88694"
"169","634"
"169","8724"
"169","14074"
"169","30574"
"169","34684"
"169","34994"
"169","41024"
"169","42954"
"169","43114"
"169","43124"
"169","43164"
"169","43174"
"169","43194"
"169","43234"
"169","66954"
"169","68304"
"169","74354"
"169","78494"
"169","82444"
"169","83614"
"176","304"
"176","12663"
"176","32124"
"176","32144"
"176","65374"
"176","65964"
"176","67734"
"176","67744"
"176","67754"
"176","68274"
"176","74064"
"176","79924"
"176","89314"
"177","8764"
"177","30644"
"177","30734"
"177","38864"
"177","38874"
"177","62564"
"177","69254"
"177","74514"
"177","75014"
"177","75024"
"177","80474"
"177","81754"
"177","82524"
"177","83514"
"177","83704"
"177","90284"
"179","7234"
"179","22004"
"179","61844"
"179","78104"
"179","78834"
"179","81454"
"180","6664"
"180","85114"
"180","88444"
"180","88454"
"180","88474"
"180","88664"
"180","88704"
"180","90684"
"181","23524"
"181","43664"
"181","60544"
"181","62284"
"182","261"
"182","9524"
"182","14754"
"182","15664"
"182","19034"
"182","36454"
"182","39494"
"182","59304"
"182","60404"
"182","77714"
"182","90094"
"183","281"
"183","75234"
"183","79154"
"184","9614"
"186","9894"
"186","28354"
"186","31564"
"186","43344"
"186","69104"
"190","9824"
"190","9864"
"190","9874"
"190","13644"
"190","39864"
"190","58024"
"190","80774"
"191","12204"
"191","14344"
"191","14364"
"191","28324"
"191","82534"
"191","82544"
"193","9723"
"193","86374"
"194","10204"
"194","19594"
"194","19614"
"194","39414"
"194","43344"
"194","64814"
"194","80694"
"194","82204"
"194","92504"
"195","1904"
"195","18742"
"195","26864"
"195","35254"
"195","57894"
"195","58704"
"195","59964"
"195","67194"
"195","67424"
"195","88494"
"196","10364"
"196","14374"
"196","19154"
"196","31784"
"196","59934"
"196","91534"
"198","3553"
"198","12654"
"198","25393"
"198","65354"
"199","3222"
"199","3453"
"199","8093"
"199","10934"
"199","11464"
"199","11841"
"199","11914"
"199","12914"
"199","12994"
"199","13004"
"199","25254"
"199","27183"
"199","31584"
"199","36683"
"199","37014"
"199","37024"
"199","37734"
"199","39424"
"199","57434"
"199","57684"
"199","58354"
"199","60804"
"199","61774"
"199","63604"
"199","64084"
"199","67824"
"199","68044"
"199","68864"
"199","68874"
"199","70904"
"199","73684"
"199","75644"
"199","79664"
"199","79864"
"199","83114"
"199","83214"
"199","87174"
"199","89224"
"199","89584"
"199","90034"
"199","90044"
"199","90054"
"199","90064"
"199","90074"
"199","90084"
"199","91904"
"200","1614"
"200","1734"
"200","83664"
"200","83674"
"201","14344"
"201","14364"
"201","63724"
"201","68614"
"201","82544"
"202","4594"
"202","7364"
"202","15074"
"202","15793"
"202","15803"
"202","31283"
"202","35214"
"202","36504"
"202","67124"
"202","67624"
"202","82614"
"202","92474"
"204","10694"
"204","11394"
"204","58484"
"205","10924"
"205","10984"
"205","12644"
"205","23124"
"205","30984"
"205","36514"
"206","5353"
"206","11054"
"206","11553"
"206","36564"
"206","65584"
"206","73954"
"207","11894"
"207","15444"
"207","57734"
"207","57944"
"207","57954"
"207","57964"
"207","63504"
"207","63514"
"207","63534"
"207","63544"
"207","72824"
"207","77994"
"207","78014"
"207","78274"
"207","79554"
"207","86464"
"208","11104"
"208","11114"
"208","36314"
"208","36464"
"208","36474"
"208","36484"
"208","66054"
"208","91094"
"209","2464"
"209","3511"
"209","11404"
"209","20954"
"209","26814"
"209","26864"
"209","35254"
"209","64744"
"209","67194"
"209","68914"
"209","74984"
"210","3781"
"210","7141"
"210","11474"
"210","11841"
"210","14674"
"210","14694"
"210","14704"
"210","20373"
"210","31644"
"210","38054"
"210","43344"
"210","45024"
"210","63714"
"210","77874"
"210","80694"
"210","81354"
"210","81704"
"212","2714"
"214","14204"
"214","14214"
"214","14224"
"214","14234"
"214","36974"
"214","36984"
"214","39284"
"214","57674"
"214","81974"
"217","12144"
"217","12174"
"217","15244"
"217","15254"
"217","16194"
"217","30994"
"217","59264"
"217","60484"
"217","60564"
"217","60874"
"217","61004"
"217","66474"
"217","66484"
"217","69234"
"217","73034"
"217","74674"
"217","74684"
"217","74864"
"217","78634"
"217","80454"
"217","81264"
"217","81564"
"217","84534"
"217","86634"
"217","86724"
"217","86734"
"217","88424"
"217","88724"
"217","88964"
"217","90334"
"217","90784"
"217","90844"
"217","91144"
"217","91154"
"217","91164"
"218","26794"
"219","16714"
"219","31964"
"219","59074"
"220","4984"
"220","12544"
"220","12554"
"220","23394"
"220","25184"
"220","36444"
"220","36694"
"220","38924"
"220","38934"
"220","38944"
"220","40604"
"220","43964"
"220","43974"
"220","57614"
"220","57624"
"220","57644"
"220","62094"
"220","62104"
"220","62114"
"220","62134"
"220","63434"
"220","65604"
"220","68544"
"220","69264"
"220","69274"
"220","69464"
"220","69524"
"220","69534"
"220","70264"
"220","78654"
"220","79674"
"220","86174"
"220","86184"
"220","86194"
"220","90894"
"223","214"
"223","754"
"223","764"
"223","1663"
"223","26124"
"223","30134"
"223","34914"
"223","35054"
"223","35724"
"223","37464"
"223","37614"
"223","43814"
"223","64254"
"223","64524"
"223","66924"
"223","69474"
"223","82744"
"223","82754"
"223","86934"
"226","41424"
"226","41514"
"227","12364"
"228","1761"
"228","7341"
"228","10314"
"228","13084"
"228","16274"
"228","16281"
"228","22864"
"228","28364"
"228","28594"
"228","28724"
"228","28734"
"228","34014"
"228","36154"
"228","38094"
"228","38134"
"228","38204"
"228","44304"
"228","57624"
"228","58304"
"228","59044"
"228","68144"
"228","69654"
"228","70824"
"228","78254"
"228","79094"
"228","80014"
"228","82004"
"228","82144"
"230","23784"
"230","23814"
"230","28564"
"230","28574"
"230","31762"
"230","33734"
"230","37654"
"230","37914"
"230","37934"
"230","37944"
"230","37954"
"230","58144"
"230","58154"
"230","74214"
"230","78374"
"230","79704"
"231","26634"
"231","39344"
"231","72064"
"231","72094"
"231","78174"
"231","79574"
"231","80364"
"231","82164"
"232","4334"
"232","14564"
"232","28324"
"234","3824"
"234","4684"
"234","5334"
"234","6934"
"234","9984"
"234","24514"
"234","35244"
"234","36524"
"234","37364"
"234","59004"
"234","59024"
"234","61344"
"234","61394"
"234","61404"
"234","61634"
"234","62304"
"234","72274"
"234","77924"
"234","79964"
"234","79974"
"234","79984"
"234","81734"
"234","81744"
"234","83634"
"234","83744"
"234","88914"
"235","4734"
"235","5174"
"235","6431"
"235","16823"
"235","28024"
"235","29834"
"235","33544"
"235","33674"
"235","78994"
"235","82374"
"236","11044"
"236","31794"
"236","35214"
"236","58054"
"236","65364"
"236","79114"
"236","90594"
"237","9414"
"237","20733"
"237","31573"
"237","32904"
"237","72964"
"237","78024"
"237","78034"
"237","92554"
"238","12134"
"238","12534"
"238","13314"
"238","13334"
"238","13414"
"238","14224"
"238","15874"
"238","39284"
"238","39294"
"238","43854"
"238","43884"
"238","57674"
"238","58094"
"238","58604"
"238","59504"
"238","81964"
"238","91084"
"241","64444"
"241","81634"
"241","81884"
"242","8814"
"243","31764"
"243","39464"
"243","39474"
"243","73764"
"243","82564"
"243","83794"
"243","86664"
"243","88574"
"243","88584"
"244","18273"
"244","59114"
"245","484"
"245","18814"
"245","22754"
"245","37664"
"245","81394"
"246","21244"
"246","58194"
"246","58204"
"246","87104"
"249","174"
"249","3191"
"249","4264"
"249","18243"
"249","20764"
"249","37324"
"249","43354"
"249","60234"
"251","7963"
"251","12134"
"252","10284"
"252","11914"
"252","13314"
"252","13334"
"252","14424"
"252","28374"
"252","36154"
"252","36964"
"252","39284"
"252","43854"
"252","57674"
"252","58094"
"252","74994"
"252","90084"
"255","324"
"257","32174"
"260","14964"
"260","16444"
"260","16464"
"260","16764"
"260","20483"
"260","20493"
"260","32184"
"260","32194"
"260","32254"
"260","32274"
"260","32684"
"260","38784"
"260","44134"
"260","57574"
"260","57584"
"260","58044"
"260","68154"
"260","68754"
"260","69064"
"260","69074"
"260","69094"
"260","72204"
"260","72214"
"260","72374"
"260","72404"
"260","72414"
"260","72424"
"260","72434"
"260","72444"
"260","72454"
"260","72494"
"260","72574"
"260","72904"
"260","74694"
"260","74704"
"260","75044"
"260","75054"
"260","75754"
"260","78234"
"260","79614"
"260","79714"
"260","79724"
"260","80214"
"260","80664"
"260","82384"
"260","82424"
"260","82644"
"260","86054"
"260","92244"
"261","11424"
"261","13764"
"261","25664"
"261","27064"
"261","30874"
"261","31554"
"261","71324"
"262","3233"
"262","19284"
"262","19294"
"262","31534"
"262","36154"
"262","39784"
"262","44384"
"262","61424"
"262","62544"
"262","64014"
"262","70174"
"262","72044"
"262","81914"
"262","81984"
"262","81994"
"263","1331"
"263","2051"
"263","10564"
"263","28544"
"263","32364"
"263","32644"
"263","60474"
"263","65864"
"263","82254"
"263","82264"
"264","4464"
"264","10534"
"264","32474"
"264","61824"
"264","70594"
"264","87564"
"265","32384"
"265","32734"
"265","35114"
"265","71504"
"265","74844"
"265","79654"
"265","89244"
"266","2244"
"266","2284"
"266","14784"
"266","25923"
"266","75084"
"266","87914"
"266","87924"
"267","8414"
"267","12094"
"267","27784"
"267","29974"
"267","31574"
"267","63444"
"267","82614"
"268","16934"
"268","17144"
"268","17384"
"268","17924"
"268","18064"
"268","18174"
"268","18194"
"268","18234"
"268","18264"
"268","18384"
"268","18484"
"268","18644"
"268","18654"
"268","18664"
"268","18804"
"268","18834"
"268","25934"
"268","25944"
"268","25954"
"268","25964"
"268","25974"
"268","25984"
"268","25994"
"268","26004"
"268","26024"
"268","26034"
"268","26044"
"268","26054"
"268","26094"
"268","26214"
"268","28844"
"268","28984"
"268","41134"
"268","41144"
"268","41164"
"268","41174"
"268","41194"
"268","41204"
"268","41214"
"268","41264"
"268","41274"
"268","41284"
"268","41304"
"268","41614"
"268","41724"
"268","41774"
"268","41784"
"268","41794"
"268","41804"
"268","41814"
"268","41824"
"268","41834"
"268","41954"
"268","41964"
"268","44814"
"268","44944"
"268","57474"
"268","58254"
"268","59214"
"268","59244"
"268","59494"
"268","59984"
"268","60004"
"268","60014"
"268","60044"
"268","60134"
"268","60284"
"268","60614"
"268","64504"
"268","65874"
"268","68674"
"268","69574"
"268","69584"
"268","71454"
"268","71754"
"268","71764"
"268","71774"
"268","71784"
"268","71814"
"268","75654"
"268","77434"
"268","79784"
"268","84014"
"268","84024"
"268","87324"
"268","87604"
"268","88634"
"268","89574"
"268","89594"
"268","89604"
"268","89764"
"268","89774"
"268","89784"
"268","89794"
"269","9353"
"269","12474"
"269","12484"
"269","21744"
"269","36894"
"269","68574"
"269","70794"
"269","75734"
"269","78504"
"269","79514"
"269","82484"
"269","83434"
"269","83444"
"269","87724"
"269","87904"
"269","88064"
"269","90304"
"271","3844"
"271","78974"
"272","12064"
"272","15434"
"272","30584"
"272","38304"
"272","39914"
"272","63494"
"272","63564"
"272","64154"
"272","65384"
"272","71264"
"272","74934"
"272","74944"
"272","74954"
"272","75964"
"272","75974"
"272","78004"
"272","79544"
"272","79904"
"272","82064"
"272","86494"
"272","88684"
"272","88694"
"273","13564"
"273","74094"
"274","13204"
"274","61834"
"274","75004"
"276","4474"
"276","10824"
"276","12543"
"276","32484"
"276","43254"
"276","43264"
"276","79074"
"276","80494"
"276","81504"
"276","82974"
"276","84414"
"276","86744"
"276","88394"
"276","88404"
"278","2514"
"278","78664"
"278","81324"
"279","1804"
"279","13904"
"279","14784"
"279","22863"
"279","28544"
"279","28584"
"279","36104"
"279","76674"
"279","79734"
"279","79824"
"279","87594"
"282","14174"
"282","15464"
"282","32684"
"282","36034"
"282","43844"
"282","63694"
"282","67774"
"282","69084"
"282","72194"
"282","72464"
"282","72474"
"282","72484"
"282","72874"
"282","72884"
"282","72894"
"282","74594"
"282","75164"
"282","82654"
"282","82664"
"282","86394"
"282","91374"
"284","28574"
"284","34674"
"284","39164"
"284","39194"
"284","39214"
"284","39354"
"284","68884"
"284","72094"
"284","74204"
"285","5691"
"285","37684"
"285","38304"
"285","38324"
"285","38344"
"285","40174"
"285","73784"
"285","79904"
"285","91804"
"287","21394"
"287","59094"
"287","80874"
"288","6334"
"289","3964"
"289","5031"
"289","29174"
"289","32884"
"289","70194"
"289","70454"
"289","72694"
"289","72714"
"289","76994"
"289","87894"
"290","1624"
"290","6044"
"290","24904"
"290","29254"
"290","32874"
"290","45034"
"290","59434"
"290","60884"
"290","60894"
"290","61894"
"290","68284"
"290","71394"
"290","83494"
"291","4534"
"291","32994"
"291","36734"
"291","58804"
"291","70964"
"291","72144"
"291","74494"
"291","76634"
"291","79084"
"291","80144"
"291","84804"
"291","86214"
"291","87964"
"291","88484"
"291","89284"
"293","10504"
"293","41694"
"294","32884"
"294","59434"
"294","72694"
"295","23264"
"295","23364"
"295","23394"
"295","37694"
"295","38444"
"295","38454"
"295","38464"
"295","38474"
"295","38484"
"295","39564"
"295","43614"
"295","44374"
"295","44834"
"295","44844"
"295","53631"
"295","58334"
"295","68124"
"295","69894"
"295","71834"
"295","71844"
"295","72034"
"295","76024"
"295","79454"
"295","81084"
"295","90124"
"295","91724"
"295","91734"
"296","5251"
"296","31394"
"297","1624"
"297","18383"
"297","24904"
"300","34314"
"302","3743"
"302","7364"
"302","32654"
"302","69394"
"302","69404"
"302","74104"
"302","78114"
"302","86164"
"303","32404"
"303","44294"
"303","78664"
"303","86844"
"304","9503"
"304","17683"
"304","25923"
"304","32914"
"304","32924"
"304","32934"
"304","86344"
"304","86354"
"304","86364"
"305","2814"
"305","12024"
"305","12034"
"305","12184"
"305","15994"
"305","37554"
"305","39954"
"305","39964"
"305","39974"
"305","39984"
"305","72554"
"305","88184"
"306","824"
"306","39034"
"306","58664"
"306","58674"
"306","58684"
"306","69024"
"306","69034"
"306","92124"
"307","21934"
"307","21944"
"307","33964"
"307","36874"
"307","41044"
"307","80644"
"307","82914"
"308","10554"
"308","14994"
"309","23304"
"310","32954"
"310","86334"
"311","33094"
"312","604"
"312","26144"
"312","33164"
"312","33194"
"312","33284"
"312","33294"
"312","33304"
"312","33314"
"312","37354"
"312","40624"
"312","62214"
"312","62234"
"312","66434"
"312","68344"
"312","69544"
"312","73664"
"312","75904"
"312","75914"
"312","82114"
"312","83334"
"312","83874"
"312","83884"
"312","83894"
"312","85444"
"312","86144"
"312","87424"
"312","87444"
"312","88254"
"312","92304"
"313","2693"
"313","17154"
"313","17354"
"313","28424"
"313","30054"
"313","33144"
"313","33354"
"313","33364"
"313","33414"
"313","37644"
"313","37744"
"313","37754"
"313","37764"
"313","37834"
"313","37844"
"313","37874"
"313","76564"
"313","78394"
"313","78824"
"313","79944"
"313","87444"
"313","87824"
"313","89024"
"313","92304"
"314","954"
"314","5861"
"314","26914"
"314","28813"
"314","33204"
"314","33394"
"314","42914"
"314","55341"
"314","58774"
"314","59814"
"314","64134"
"314","68064"
"314","70074"
"314","80594"
"314","82114"
"314","82944"
"314","84364"
"314","87444"
"314","90734"
"317","13204"
"317","13974"
"317","33334"
"317","61834"
"317","67934"
"317","69834"
"317","74344"
"317","82864"
"317","83454"
"317","83464"
"317","89374"
"317","89384"
"317","91864"
"317","91874"
"317","91914"
"318","2784"
"319","2844"
"319","74484"
"321","2791"
"321","2974"
"321","9353"
"321","60184"
"322","854"
"322","4874"
"322","5834"
"322","5844"
"322","10963"
"322","22974"
"322","25674"
"322","41404"
"322","43974"
"322","61904"
"322","62114"
"322","66914"
"322","72664"
"322","78424"
"322","89274"
"322","91924"
"322","91934"
"323","16814"
"323","16824"
"323","17514"
"323","26244"
"323","34874"
"323","53201"
"323","71694"
"323","81344"
"324","4134"
"324","71584"
"325","3504"
"325","35224"
"325","37424"
"325","37654"
"325","37914"
"325","37934"
"325","39834"
"325","73904"
"325","79934"
"325","89014"
"326","4544"
"326","5004"
"326","28404"
"326","33734"
"326","37444"
"326","37654"
"326","37914"
"326","37934"
"326","38014"
"326","40194"
"326","67494"
"326","67874"
"326","70114"
"326","79934"
"326","80084"
"327","10772"
"327","17154"
"327","17354"
"327","19223"
"327","19243"
"327","30314"
"327","82494"
"327","86864"
"327","90924"
"329","28814"
"329","33064"
"329","36734"
"329","61354"
"329","72104"
"329","72114"
"329","72144"
"329","79494"
"329","80144"
"329","86314"
"329","89554"
"331","6431"
"331","27013"
"331","31954"
"331","33354"
"331","35534"
"331","39834"
"331","74214"
"331","79204"
"332","33184"
"332","33344"
"333","20964"
"333","23794"
"333","33724"
"333","33734"
"333","37654"
"333","37914"
"333","67674"
"333","68034"
"333","79754"
"333","86814"
"335","194"
"335","70304"
"335","80074"
"336","29854"
"336","38724"
"337","23194"
"338","3334"
"338","18814"
"338","22754"
"338","26574"
"338","33684"
"338","33704"
"338","36854"
"338","37664"
"338","41624"
"338","42244"
"338","74904"
"338","91954"
"344","33564"
"344","44344"
"344","70574"
"344","74234"
"344","74844"
"344","79654"
"344","79874"
"344","83944"
"344","83964"
"344","89244"
"345","18543"
"345","31334"
"345","69604"
"346","4204"
"347","4414"
"347","8654"
"347","16823"
"347","24594"
"347","33534"
"347","78994"
"348","37344"
"348","37444"
"348","38024"
"348","68004"
"351","5841"
"351","5861"
"351","22454"
"351","24124"
"351","24154"
"351","26013"
"351","26283"
"351","28813"
"351","29783"
"351","33354"
"351","37114"
"351","37644"
"351","37744"
"351","37754"
"351","37764"
"351","37784"
"351","37794"
"351","39734"
"351","44754"
"351","58164"
"351","58344"
"351","68074"
"351","68334"
"351","68654"
"351","70064"
"351","70704"
"351","75624"
"351","76574"
"351","78364"
"351","78824"
"351","79204"
"351","79944"
"351","79954"
"351","82154"
"351","83204"
"351","84664"
"351","86974"
"351","86984"
"351","87824"
"353","3171"
"353","17314"
"353","17344"
"353","23734"
"353","23744"
"353","33974"
"353","34894"
"353","43054"
"353","43534"
"353","58814"
"353","60654"
"353","62854"
"353","64124"
"353","69984"
"353","70254"
"353","79624"
"353","80584"
"353","82474"
"353","84434"
"353","84444"
"353","85214"
"353","85224"
"353","85614"
"353","86834"
"353","86884"
"353","87224"
"353","87234"
"353","87634"
"353","90664"
"353","90674"
"353","92364"
"353","92404"
"354","29054"
"354","58274"
"354","59884"
"354","80814"
"355","33664"
"355","34074"
"355","34084"
"355","37544"
"355","44744"
"355","68394"
"355","74224"
"355","75804"
"355","75814"
"355","76064"
"355","78384"
"355","79254"
"355","80674"
"355","87664"
"356","3054"
"356","17434"
"356","17794"
"356","17804"
"356","17834"
"356","17854"
"356","30844"
"356","30854"
"356","33914"
"356","90644"
"357","39544"
"357","71344"
"357","89174"
"358","17054"
"361","16554"
"361","38094"
"361","38154"
"361","38194"
"361","38214"
"361","43784"
"361","47562"
"361","68134"
"361","68294"
"361","68394"
"361","71494"
"361","75824"
"362","2104"
"362","5923"
"362","16984"
"362","16994"
"362","20924"
"362","29533"
"362","30144"
"362","34264"
"362","35524"
"362","37624"
"362","43804"
"362","66334"
"362","73934"
"362","73944"
"362","79024"
"362","84004"
"362","86224"
"363","6624"
"363","13044"
"363","22854"
"363","22864"
"363","37674"
"363","38094"
"363","38134"
"363","65904"
"363","68394"
"363","69044"
"363","74244"
"363","76604"
"363","79834"
"363","79884"
"363","82224"
"363","86994"
"363","87004"
"363","87014"
"364","25353"
"365","5593"
"365","11204"
"365","71294"
"368","2284"
"368","2534"
"368","13214"
"368","70994"
"370","2104"
"370","2174"
"370","5753"
"370","9024"
"370","16984"
"370","16994"
"370","20924"
"370","25503"
"370","29304"
"370","29314"
"370","30134"
"370","30144"
"370","31063"
"370","34264"
"370","35774"
"370","36794"
"370","37624"
"370","42174"
"370","43804"
"370","53971"
"370","57394"
"370","62894"
"370","63444"
"370","66924"
"370","67244"
"370","67414"
"370","70314"
"370","71064"
"370","71164"
"370","73934"
"370","73944"
"370","74554"
"370","74574"
"370","79024"
"370","80724"
"370","82744"
"370","82754"
"370","84704"
"370","86204"
"370","86904"
"370","91704"
"370","91814"
"371","2104"
"371","5753"
"371","17401"
"371","20924"
"371","30404"
"371","31063"
"371","34264"
"371","43604"
"371","44964"
"371","57394"
"371","57914"
"371","62894"
"371","70924"
"371","73934"
"371","73944"
"371","74764"
"371","76634"
"371","79024"
"371","80744"
"371","81094"
"371","83924"
"371","84704"
"371","86204"
"371","87574"
"376","30804"
"377","2144"
"377","16611"
"377","18074"
"377","20844"
"377","20864"
"377","25872"
"377","27604"
"377","34294"
"377","34324"
"377","57364"
"377","57764"
"377","58634"
"377","59174"
"377","60774"
"377","60934"
"377","61774"
"377","61784"
"377","62894"
"377","63464"
"377","63474"
"377","67394"
"377","67404"
"377","67434"
"377","69914"
"377","70834"
"377","74364"
"377","74374"
"377","74384"
"377","74544"
"377","74564"
"377","74714"
"377","75254"
"377","76664"
"377","77354"
"377","77814"
"377","78574"
"377","79744"
"377","80424"
"377","80734"
"377","81204"
"377","81214"
"377","83214"
"377","84324"
"377","85494"
"377","86204"
"377","88814"
"377","88824"
"377","91434"
"378","5694"
"378","30284"
"378","34734"
"378","66784"
"378","92264"
"379","19734"
"379","19834"
"379","19844"
"379","29404"
"379","69394"
"379","69404"
"379","69424"
"379","83644"
"379","92174"
"379","92184"
"380","1934"
"380","6824"
"380","20874"
"380","23754"
"380","24414"
"380","24434"
"380","34194"
"380","34204"
"380","34444"
"380","34754"
"380","34764"
"380","34774"
"380","62024"
"380","62034"
"380","62744"
"380","62754"
"380","62764"
"380","78964"
"380","87524"
"380","87534"
"380","91054"
"381","34394"
"381","34654"
"381","78494"
"382","18354"
"382","20464"
"382","20831"
"382","28054"
"382","28394"
"382","30254"
"382","35074"
"382","35084"
"382","35094"
"382","35544"
"382","35554"
"382","41854"
"382","44914"
"382","58104"
"382","60354"
"382","62504"
"382","63424"
"382","64474"
"382","69764"
"382","74454"
"382","76464"
"382","76614"
"382","76624"
"382","80024"
"382","80034"
"382","80564"
"383","23984"
"383","66954"
"383","81184"
"383","81194"
"384","9614"
"384","19854"
"384","19864"
"385","6244"
"385","26754"
"385","30564"
"385","30574"
"385","30754"
"385","69824"
"385","70654"
"385","74414"
"385","80334"
"385","80344"
"385","86894"
"386","444"
"386","60204"
"387","20694"
"387","26764"
"387","85534"
"387","85544"
"387","92084"
"388","66534"
"389","1024"
"389","3124"
"389","5364"
"389","6654"
"389","21914"
"390","6654"
"390","21954"
"391","19824"
"391","24734"
"392","19764"
"392","19794"
"392","29414"
"392","40534"
"392","80704"
"392","89544"
"393","20524"
"393","28434"
"393","33234"
"393","33244"
"393","33274"
"393","40624"
"394","1564"
"394","6244"
"394","19714"
"394","19734"
"394","19824"
"394","19844"
"394","19864"
"394","30564"
"394","34204"
"394","62034"
"394","62744"
"394","69124"
"394","70134"
"394","78324"
"394","87534"
"394","91054"
"395","1561"
"395","1564"
"395","1604"
"395","3072"
"395","6244"
"395","8814"
"395","10344"
"395","12404"
"395","19714"
"395","19734"
"395","19764"
"395","19794"
"395","19824"
"395","19834"
"395","19844"
"395","19854"
"395","19864"
"395","23984"
"395","24734"
"395","26754"
"395","29404"
"395","29414"
"395","30564"
"395","30574"
"395","30754"
"395","34194"
"395","34204"
"395","34404"
"395","34684"
"395","34694"
"395","40534"
"395","43184"
"395","62024"
"395","62034"
"395","62744"
"395","65434"
"395","69124"
"395","69394"
"395","69404"
"395","69424"
"395","69664"
"395","69714"
"395","69824"
"395","70244"
"395","70654"
"395","72184"
"395","74414"
"395","78314"
"395","78324"
"395","78494"
"395","78584"
"395","78924"
"395","78934"
"395","79164"
"395","80334"
"395","80344"
"395","80524"
"395","80604"
"395","80654"
"395","80704"
"395","81184"
"395","81194"
"395","83644"
"395","84074"
"395","86894"
"395","87524"
"395","87534"
"395","89544"
"395","91054"
"395","91854"
"395","92174"
"395","92184"
"398","14311"
"398","34644"
"398","78904"
"399","19714"
"399","30804"
"399","58004"
"399","69124"
"399","70654"
"399","71144"
"399","74414"
"399","91054"
"400","34434"
"400","35084"
"400","35554"
"400","44914"
"400","64474"
"400","74454"
"401","34784"
"402","6054"
"402","35784"
"403","1644"
"403","5554"
"404","9164"
"404","11644"
"404","26874"
"404","35884"
"404","42394"
"404","42414"
"404","42554"
"404","44204"
"404","44354"
"404","57694"
"404","80064"
"406","7251"
"406","63704"
"406","71684"
"406","72754"
"406","77894"
"406","78884"
"406","78894"
"406","80244"
"406","80254"
"406","80274"
"406","80314"
"406","84724"
"406","84734"
"406","84744"
"406","84754"
"406","84764"
"406","84774"
"406","84814"
"406","84824"
"406","84834"
"406","84864"
"406","84874"
"406","84884"
"406","84894"
"406","84904"
"406","84914"
"406","84924"
"406","84934"
"406","84944"
"406","84954"
"406","84964"
"406","84974"
"406","85014"
"407","8023"
"407","13284"
"407","14544"
"407","29964"
"407","30324"
"407","72824"
"408","6494"
"408","6514"
"408","35174"
"408","67014"
"408","75144"
"409","4041"
"409","5444"
"409","6464"
"409","6494"
"409","7604"
"409","7664"
"409","7881"
"409","7984"
"409","9284"
"409","9941"
"409","18904"
"409","36094"
"409","37254"
"409","37264"
"409","43584"
"409","59364"
"409","61854"
"409","75124"
"409","75274"
"409","83524"
"409","84154"
"409","92234"
"410","18704"
"410","25824"
"410","25834"
"410","35484"
"410","65114"
"410","69204"
"410","79804"
"410","87644"
"411","25894"
"413","26194"
"413","36594"
"413","79994"
"414","214"
"414","4514"
"414","4854"
"414","5104"
"414","34914"
"414","37614"
"414","43814"
"414","59764"
"414","60424"
"414","64544"
"414","66814"
"414","74804"
"415","214"
"415","4514"
"415","4854"
"415","34914"
"415","37614"
"415","43814"
"415","59264"
"415","60564"
"415","60874"
"415","66474"
"415","69234"
"415","74674"
"415","74864"
"415","80454"
"415","86724"
"415","86734"
"415","88424"
"415","91154"
"416","164"
"416","2833"
"416","4504"
"416","5304"
"416","18593"
"416","18883"
"416","23153"
"416","26174"
"416","37474"
"416","37484"
"416","60534"
"416","65124"
"416","65134"
"416","65144"
"417","3694"
"417","3704"
"417","4504"
"419","214"
"419","4514"
"419","4854"
"419","34914"
"419","37454"
"419","37614"
"419","43814"
"420","164"
"420","2614"
"420","70284"
"424","34134"
"424","35294"
"424","58894"
"424","61914"
"424","69294"
"424","73024"
"424","74854"
"424","76524"
"424","76544"
"424","80374"
"425","26294"
"425","26304"
"425","28824"
"425","73754"
"425","79314"
"425","87814"
"426","18474"
"426","28794"
"426","35484"
"427","10963"
"427","19074"
"427","23194"
"427","26002"
"427","40414"
"427","63654"
"427","89314"
"428","1644"
"428","4124"
"428","5554"
"428","31794"
"428","35224"
"428","67724"
"430","9714"
"430","36124"
"430","36684"
"432","11444"
"434","8673"
"434","10054"
"434","11994"
"434","12974"
"434","13294"
"434","13934"
"434","25904"
"434","27984"
"434","40314"
"434","40324"
"434","40334"
"434","40354"
"434","78054"
"434","79604"
"434","90474"
"434","91894"
"435","8174"
"435","13784"
"435","31054"
"436","23163"
"436","34844"
"436","89804"
"437","7344"
"437","10044"
"437","12964"
"437","15724"
"437","15734"
"437","15744"
"437","15994"
"437","26674"
"437","31304"
"437","36374"
"437","73924"
"437","79244"
"437","79644"
"437","81574"
"437","81584"
"437","81594"
"437","81604"
"437","81614"
"437","81624"
"437","81654"
"437","81664"
"438","5504"
"438","9073"
"438","12434"
"438","25904"
"438","27184"
"438","58504"
"438","63384"
"438","69904"
"438","79594"
"439","171"
"439","5504"
"439","9073"
"439","11314"
"439","11434"
"439","12434"
"439","12624"
"439","13164"
"439","25904"
"439","26684"
"439","27184"
"439","58504"
"439","63384"
"439","64694"
"439","71064"
"439","79594"
"440","16414"
"440","24923"
"440","36134"
"440","67654"
"440","80014"
"440","83394"
"441","9814"
"441","9854"
"441","46024"
"443","5244"
"443","13834"
"443","30804"
"443","77624"
"443","79764"
"445","10784"
"445","13224"
"446","14464"
"446","14954"
"446","36114"
"446","36354"
"446","39534"
"446","57524"
"446","58014"
"446","78264"
"447","36274"
"447","64644"
"447","91824"
"448","19094"
"448","31664"
"448","39484"
"448","66464"
"448","85054"
"448","91294"
"452","2104"
"452","4484"
"452","7124"
"452","7134"
"452","10564"
"452","20924"
"452","29314"
"452","30404"
"452","32364"
"452","32644"
"452","34264"
"452","36904"
"452","43604"
"452","44674"
"452","57654"
"452","57664"
"452","57914"
"452","57944"
"452","57954"
"452","57964"
"452","57984"
"452","57994"
"452","59014"
"452","63504"
"452","63514"
"452","63524"
"452","63534"
"452","63544"
"452","63554"
"452","71164"
"452","71704"
"452","73934"
"452","73944"
"452","74764"
"452","74964"
"452","75984"
"452","75994"
"452","77964"
"452","77974"
"452","77994"
"452","78014"
"452","78734"
"452","78744"
"452","79024"
"452","79534"
"452","79554"
"452","80744"
"452","81254"
"452","83864"
"452","85844"
"452","86464"
"452","87574"
"453","3191"
"453","10924"
"453","11014"
"453","40474"
"453","40484"
"453","40494"
"453","67124"
"453","67824"
"453","75244"
"453","89144"
"455","11884"
"455","39714"
"455","72614"
"455","91184"
"456","59904"
"456","59914"
"456","59924"
"456","59934"
"456","59944"
"456","59954"
"456","59964"
"456","61014"
"458","59294"
"458","78684"
"458","84564"
"460","16064"
"460","63384"
"461","34144"
"462","10634"
"462","27754"
"463","36364"
"463","73924"
"463","79644"
"464","18343"
"465","3034"
"466","2194"
"466","4504"
"466","26393"
"466","31264"
"466","37184"
"468","214"
"468","4514"
"468","4604"
"468","4854"
"468","34914"
"468","37614"
"468","43814"
"469","4614"
"469","37084"
"469","60194"
"469","62904"
"469","82514"
"469","91124"
"469","92254"
"469","92324"
"470","1623"
"470","4844"
"470","24614"
"470","38524"
"470","71484"
"471","16983"
"471","16993"
"471","37134"
"471","37174"
"472","42674"
"472","70234"
"472","76684"
"472","84424"
"473","2864"
"473","31244"
"473","40184"
"473","84584"
"474","37074"
"475","5644"
"475","7011"
"475","24284"
"475","37104"
"475","39754"
"475","71634"
"475","77594"
"475","79344"
"475","81844"
"475","81854"
"475","81864"
"475","87294"
"476","35354"
"476","35364"
"477","5864"
"477","8603"
"477","37144"
"477","37284"
"477","42194"
"477","65194"
"477","82694"
"478","5384"
"478","81804"
"479","32664"
"480","5891"
"480","37294"
"480","60224"
"481","4424"
"481","67024"
"482","27404"
"482","39534"
"482","81714"
"484","8603"
"484","83574"
"485","9624"
"485","82714"
"485","82734"
"485","83314"
"485","83324"
"485","83404"
"485","83414"
"487","10504"
"487","12834"
"487","27554"
"487","39874"
"487","41994"
"487","82924"
"488","4121"
"488","6422"
"488","13234"
"488","42384"
"488","57794"
"488","78434"
"490","15544"
"490","27884"
"490","61514"
"490","64454"
"490","82624"
"490","84792"
"490","85174"
"493","39924"
"493","39934"
"493","41454"
"493","41464"
"493","41484"
"493","41894"
"493","68154"
"493","80104"
"493","80114"
"493","80124"
"494","10834"
"495","12694"
"495","12704"
"495","37384"
"495","70354"
"496","18704"
"496","29024"
"496","35474"
"496","57634"
"496","69204"
"496","87644"
"497","1764"
"498","1744"
"498","2244"
"498","14784"
"499","7641"
"499","38964"
"499","38974"
"499","38994"
"499","44964"
"499","70524"
"499","70534"
"499","70924"
"499","73104"
"499","91394"
"500","24184"
"501","17974"
"501","79814"
"501","81314"
"501","87674"
"501","87684"
"501","87694"
"502","6524"
"503","9074"
"503","9164"
"503","13664"
"503","13674"
"503","35884"
"503","41604"
"503","44214"
"503","57704"
"503","57904"
"503","58914"
"503","58924"
"503","58934"
"503","58944"
"503","62334"
"503","66324"
"503","67044"
"503","69364"
"503","69374"
"503","69384"
"503","70614"
"503","70624"
"503","70664"
"503","70864"
"503","70934"
"503","70944"
"503","72834"
"503","72854"
"503","72864"
"503","74704"
"503","77554"
"503","77564"
"503","78124"
"503","78144"
"503","78184"
"503","78534"
"503","82284"
"503","82404"
"503","82594"
"503","84344"
"503","84354"
"503","85974"
"503","92274"
"503","92284"
"503","92294"
"503","92584"
"503","92594"
"504","10124"
"506","22344"
"506","34073"
"506","39684"
"506","39694"
"506","43384"
"506","58474"
"506","59084"
"506","67464"
"506","67684"
"506","67694"
"506","68114"
"506","70104"
"506","74134"
"506","74524"
"506","75264"
"506","77824"
"506","78824"
"506","79914"
"506","80224"
"506","80234"
"507","8613"
"507","37644"
"507","37654"
"507","37664"
"507","37674"
"507","37684"
"507","37724"
"507","37734"
"507","38704"
"507","38714"
"507","38824"
"507","44364"
"507","58694"
"507","64084"
"507","67684"
"507","67694"
"507","72804"
"507","73784"
"507","74184"
"507","75644"
"507","77734"
"507","77754"
"507","79934"
"507","80224"
"507","80234"
"507","81554"
"507","82224"
"507","87504"
"508","17154"
"508","17354"
"508","28894"
"508","64734"
"508","79934"
"508","79944"
"508","82114"
"510","9744"
"510","15023"
"510","33684"
"510","33704"
"510","33734"
"510","37654"
"510","43564"
"510","43754"
"510","70124"
"510","76584"
"510","79934"
"510","88944"
"510","90294"
"510","91954"
"511","23784"
"511","31762"
"511","33734"
"511","37654"
"511","37914"
"511","38004"
"511","67954"
"511","76034"
"511","79704"
"513","26393"
"513","31264"
"515","19104"
"515","32894"
"515","82584"
"516","13913"
"519","7621"
"519","38994"
"519","44534"
"519","70554"
"519","91234"
"521","224"
"521","19194"
"521","38354"
"521","39634"
"521","39644"
"521","75094"
"521","78754"
"521","78914"
"522","40094"
"522","40104"
"522","40114"
"522","40124"
"523","274"
"524","514"
"524","19264"
"524","33424"
"524","43954"
"524","62254"
"524","67854"
"524","70134"
"524","70694"
"524","79464"
"524","82434"
"524","84314"
"524","90174"
"525","12384"
"526","10344"
"526","12404"
"526","20164"
"526","41074"
"526","70134"
"527","534"
"527","554"
"527","3414"
"527","11473"
"527","16894"
"527","17524"
"527","17554"
"527","17634"
"527","41084"
"527","41104"
"527","42064"
"527","42204"
"527","42214"
"527","42314"
"527","43304"
"527","58814"
"527","68694"
"527","78844"
"527","80634"
"527","83364"
"527","84674"
"527","92094"
"527","92104"
"527","92114"
"527","92514"
"528","534"
"528","17534"
"528","17634"
"528","17654"
"528","22964"
"528","42224"
"528","58034"
"528","65894"
"528","68694"
"528","91964"
"528","92514"
"529","6104"
"529","55441"
"529","68934"
"530","19334"
"530","40074"
"531","1834"
"531","37314"
"531","37494"
"531","83574"
"531","87364"
"532","32594"
"532","35124"
"532","65864"
"532","87584"
"533","2444"
"533","2454"
"533","7541"
"533","44284"
"533","75334"
"534","23244"
"534","24644"
"534","39164"
"534","39194"
"534","39204"
"534","39214"
"534","44314"
"534","57934"
"535","35234"
"535","38434"
"537","37114"
"537","38854"
"537","38864"
"537","38874"
"537","40164"
"538","19344"
"538","40054"
"538","40064"
"540","19954"
"540","79684"
"543","22774"
"543","25114"
"543","25134"
"543","42164"
"543","58184"
"543","71954"
"544","12633"
"544","76974"
"544","80994"
"544","82764"
"545","24964"
"545","38414"
"545","39624"
"545","71894"
"545","85554"
"545","85564"
"545","88294"
"547","25164"
"547","65424"
"548","13044"
"548","22854"
"548","24404"
"548","32243"
"548","65904"
"548","69044"
"548","74244"
"548","75634"
"548","78354"
"548","79834"
"548","79884"
"548","86994"
"548","87004"
"548","87014"
"548","91074"
"549","4174"
"549","22864"
"549","37674"
"549","38094"
"549","38134"
"549","38274"
"549","60814"
"549","68084"
"549","82604"
"550","13044"
"550","22854"
"550","22864"
"550","37674"
"550","38094"
"550","38134"
"550","65904"
"550","67964"
"550","69044"
"550","74244"
"550","79834"
"550","79884"
"550","82224"
"550","86994"
"550","87004"
"550","87014"
"550","91074"
"551","4964"
"551","4984"
"551","5034"
"551","7971"
"551","10963"
"551","14093"
"551","22064"
"551","23044"
"551","23064"
"551","23134"
"551","23194"
"551","25594"
"551","36174"
"551","36184"
"551","38284"
"551","39794"
"551","40234"
"551","40604"
"551","43964"
"551","43974"
"551","61904"
"551","62104"
"551","62114"
"551","66914"
"551","70974"
"551","77914"
"551","78424"
"551","81144"
"551","86174"
"551","86184"
"551","86194"
"551","91484"
"552","7164"
"552","22074"
"552","37684"
"552","38294"
"552","38304"
"552","38314"
"552","39674"
"552","40174"
"552","60794"
"552","68054"
"552","71024"
"552","71334"
"552","71504"
"552","73784"
"552","79904"
"552","84574"
"552","86474"
"552","87024"
"552","88364"
"552","90134"
"553","224"
"553","19194"
"553","19334"
"553","19344"
"553","23204"
"553","23214"
"553","23344"
"553","23684"
"553","25394"
"553","38354"
"553","38394"
"553","39634"
"553","39644"
"553","39664"
"553","39764"
"553","40054"
"553","40064"
"553","40074"
"553","40084"
"553","40094"
"553","40104"
"553","40114"
"553","40124"
"553","40134"
"553","40144"
"553","40154"
"553","44434"
"553","44444"
"553","44454"
"553","59194"
"553","68184"
"553","68904"
"553","71884"
"553","71904"
"553","71924"
"553","72914"
"553","73604"
"553","73614"
"553","73624"
"553","75094"
"553","78554"
"553","78914"
"553","88894"
"554","224"
"554","16274"
"554","19194"
"554","19414"
"554","23894"
"554","24964"
"554","25404"
"554","38354"
"554","38414"
"554","38434"
"554","39624"
"554","39634"
"554","39644"
"554","58424"
"554","58434"
"554","58444"
"554","59194"
"554","71924"
"554","72914"
"554","74174"
"554","78774"
"554","78914"
"554","88294"
"554","88904"
"555","1791"
"555","26653"
"555","28284"
"555","33624"
"555","38494"
"555","58314"
"555","58694"
"555","84694"
"555","86954"
"555","86964"
"556","25333"
"556","37724"
"556","38534"
"556","38554"
"556","38564"
"556","58364"
"556","68024"
"556","84604"
"557","3954"
"557","20634"
"557","22194"
"557","22684"
"557","38304"
"557","38574"
"557","38604"
"557","38624"
"557","38674"
"557","38694"
"557","38704"
"557","38714"
"557","38734"
"557","38744"
"557","40214"
"557","40254"
"557","41444"
"557","44474"
"557","44484"
"557","58374"
"557","58394"
"557","58404"
"557","58554"
"557","58564"
"557","58574"
"557","64604"
"557","69634"
"557","69644"
"557","70324"
"557","70784"
"557","78694"
"557","79364"
"557","79374"
"557","79384"
"557","79904"
"557","81034"
"557","83954"
"557","85154"
"557","89234"
"558","23234"
"559","38764"
"559","38774"
"559","81524"
"559","89354"
"559","89364"
"564","35514"
"564","38814"
"565","7084"
"565","27074"
"567","23614"
"568","19564"
"569","39044"
"569","39064"
"569","39074"
"569","39084"
"569","71424"
"569","82464"
"569","83704"
"569","84504"
"569","84514"
"569","84524"
"569","87044"
"569","90284"
"570","24644"
"572","27434"
"572","39254"
"572","39264"
"572","39774"
"572","44404"
"572","44824"
"572","58124"
"572","58834"
"572","58844"
"572","58854"
"572","58864"
"572","59444"
"572","61934"
"572","61944"
"572","61964"
"572","62554"
"572","62564"
"572","64614"
"572","64624"
"572","64634"
"572","70184"
"572","80904"
"572","80944"
"572","81054"
"572","81894"
"572","82024"
"572","82524"
"572","82934"
"572","89994"
"572","90004"
"572","90014"
"572","90024"
"572","90354"
"572","90364"
"573","3193"
"573","3233"
"573","10284"
"573","10314"
"573","13104"
"573","13243"
"573","14424"
"573","16281"
"573","19284"
"573","19294"
"573","28364"
"573","28374"
"573","31534"
"573","32464"
"573","36154"
"573","36964"
"573","36974"
"573","36984"
"573","39784"
"573","43854"
"573","44304"
"573","44384"
"573","44394"
"573","57674"
"573","58094"
"573","61424"
"573","62544"
"573","64014"
"573","66234"
"573","67564"
"573","69164"
"573","69654"
"573","70084"
"573","70174"
"573","72044"
"573","81074"
"573","81904"
"573","81914"
"573","81954"
"573","81984"
"573","81994"
"573","82004"
"573","82144"
"573","84494"
"573","85304"
"576","24104"
"576","24954"
"576","39394"
"579","384"
"579","6224"
"579","22904"
"579","23404"
"579","36184"
"579","40254"
"579","40654"
"579","42284"
"579","43394"
"579","44034"
"579","67864"
"579","68174"
"579","78694"
"579","80974"
"579","81104"
"579","85204"
"579","87984"
"580","21864"
"581","25724"
"581","28554"
"581","60344"
"581","65444"
"581","70894"
"581","71244"
"581","81144"
"583","8524"
"584","8464"
"585","1774"
"585","78424"
"587","21064"
"587","24714"
"587","61904"
"587","66914"
"588","40264"
"589","17503"
"589","28934"
"589","57734"
"589","60344"
"589","64734"
"589","70894"
"593","25554"
"595","23974"
"597","17754"
"598","33424"
"598","62254"
"598","79464"
"601","21634"
"601","42454"
"601","75204"
"601","75214"
"601","75744"
"601","76734"
"601","76744"
"601","76754"
"601","76764"
"601","86554"
"601","86564"
"601","86584"
"601","86604"
"601","86614"
"601","88094"
"601","88104"
"601","91574"
"601","91584"
"602","23964"
"602","33464"
"602","33514"
"602","33804"
"603","33454"
"603","33504"
"604","18504"
"604","28994"
"605","41354"
"606","37054"
"607","5244"
"607","8954"
"607","25114"
"607","25904"
"607","34824"
"607","41354"
"607","71284"
"607","74334"
"607","84594"
"607","87664"
"608","9114"
"608","92354"
"609","12563"
"610","18243"
"611","9024"
"612","494"
"612","3314"
"612","17254"
"612","18514"
"612","33474"
"612","33494"
"612","34154"
"612","41844"
"612","43024"
"612","68354"
"612","69874"
"612","74914"
"612","85964"
"612","86384"
"613","37224"
"618","13214"
"619","41114"
"619","41454"
"619","41494"
"619","42504"
"619","82684"
"619","84314"
"620","12464"
"620","35194"
"620","61924"
"621","7424"
"621","83994"
"621","91944"
"622","21634"
"622","42454"
"622","43734"
"622","43744"
"622","65204"
"622","76734"
"622","76744"
"622","76754"
"622","76764"
"622","77414"
"622","77424"
"622","83474"
"622","86534"
"622","86544"
"622","86624"
"622","88094"
"622","88104"
"622","88114"
"622","88124"
"622","91574"
"622","91584"
"623","3224"
"625","20654"
"625","72634"
"625","72644"
"625","85524"
"626","4124"
"626","35224"
"626","42444"
"626","43624"
"626","67724"
"626","75664"
"626","75674"
"627","3274"
"627","22754"
"627","36854"
"627","37664"
"627","41624"
"627","42174"
"627","42244"
"627","44544"
"627","53291"
"627","74904"
"628","14584"
"629","34334"
"631","10644"
"631","36414"
"631","83004"
"633","15564"
"633","27794"
"633","85764"
"633","85774"
"635","41154"
"636","41454"
"636","41894"
"636","42484"
"636","80114"
"636","80124"
"637","27814"
"638","27824"
"639","27834"
"640","16804"
"640","42034"
"640","42044"
"640","42074"
"640","58824"
"640","64764"
"640","75404"
"640","84984"
"640","84994"
"641","23324"
"641","61034"
"641","74424"
"642","89124"
"643","74584"
"644","57494"
"644","62154"
"644","62164"
"648","2724"
"648","7313"
"649","38324"
"649","58814"
"649","62854"
"649","91804"
"650","26734"
"650","26744"
"651","13284"
"651","30324"
"651","35424"
"651","72824"
"652","7984"
"654","3664"
"654","13504"
"654","43454"
"654","59924"
"655","12554"
"655","36444"
"655","57624"
"655","57644"
"655","69464"
"655","69524"
"655","69534"
"655","79674"
"655","90894"
"656","12544"
"656","36694"
"656","38924"
"656","38944"
"656","57624"
"656","57644"
"656","62094"
"656","62134"
"656","69264"
"656","69274"
"656","69524"
"656","69534"
"657","14174"
"657","32684"
"657","36034"
"657","63694"
"657","69084"
"657","72464"
"657","72474"
"657","72884"
"657","72894"
"657","74594"
"657","82654"
"658","32684"
"659","32914"
"659","86344"
"661","19054"
"661","40684"
"662","3104"
"662","21844"
"662","40434"
"662","40454"
"662","40514"
"662","40564"
"662","60464"
"662","66554"
"662","71104"
"662","71114"
"662","72134"
"662","90754"
"662","90804"
"669","1741"
"669","40674"
"670","41564"
"670","66074"
"670","80394"
"671","40344"
"674","42464"
"674","42474"
"678","29044"
"678","62444"
"678","62454"
"678","62464"
"678","62474"
"678","62484"
"678","62494"
"678","71354"
"678","71364"
"678","74514"
"678","92154"
"678","92164"
"680","41094"
"680","69954"
"680","69964"
"680","69974"
"680","84464"
"680","84474"
"680","90904"
"681","8674"
"681","17401"
"681","42794"
"681","57824"
"681","57834"
"681","58014"
"681","58114"
"681","61594"
"681","68174"
"681","79414"
"681","81094"
"681","83124"
"681","83134"
"681","83154"
"681","83184"
"681","83924"
"681","84304"
"681","85484"
"682","5941"
"682","91424"
"683","24744"
"683","42764"
"683","42814"
"683","59144"
"683","65344"
"683","67294"
"683","71544"
"683","74074"
"683","74614"
"683","74624"
"683","74644"
"683","79794"
"683","83194"
"683","85874"
"684","3191"
"684","16023"
"684","18323"
"684","37064"
"684","39724"
"687","28034"
"687","35914"
"687","77574"
"687","85944"
"687","88074"
"689","21704"
"689","78784"
"690","3314"
"690","24684"
"690","39504"
"690","41424"
"690","42684"
"691","28044"
"691","42234"
"691","84314"
"692","12204"
"692","82534"
"695","454"
"695","34414"
"695","59414"
"698","9604"
"699","22454"
"699","79954"
"700","24984"
"702","1564"
"702","69124"
"702","70244"
"702","70654"
"702","74414"
"702","78924"
"702","78934"
"702","80334"
"702","80344"
"702","84074"
"703","3524"
"704","6044"
"704","29254"
"704","32874"
"704","43824"
"704","59434"
"704","60884"
"704","60894"
"704","61894"
"704","71394"
"704","83494"
"705","9234"
"705","16823"
"705","31234"
"705","33524"
"705","40634"
"705","49501"
"705","63654"
"705","78994"
"705","85444"
"706","16814"
"706","17514"
"707","6664"
"707","21254"
"707","24394"
"707","44144"
"707","48951"
"707","58984"
"707","64484"
"707","66454"
"707","67344"
"707","72784"
"707","80784"
"707","81674"
"707","83814"
"707","85114"
"707","88464"
"707","88514"
"707","88654"
"708","20063"
"709","21704"
"709","24044"
"709","78784"
"709","80394"
"712","20884"
"712","20894"
"712","21324"
"712","40644"
"712","40664"
"712","41954"
"712","43464"
"712","44014"
"712","44024"
"712","44034"
"712","58254"
"712","71234"
"712","88714"
"713","33794"
"714","30761"
"714","45252"
"715","38464"
"715","73894"
"715","90214"
"716","5394"
"716","42394"
"716","42404"
"716","42414"
"716","59854"
"717","3743"
"717","7773"
"717","10434"
"717","60654"
"717","82904"
"717","86164"
"719","28014"
"719","64244"
"720","29604"
"720","29614"
"720","38682"
"721","14854"
"721","32584"
"721","58044"
"721","58244"
"721","60294"
"721","64574"
"721","64584"
"721","64784"
"721","68684"
"721","71464"
"721","71474"
"721","79734"
"722","6914"
"722","7204"
"722","9074"
"722","9164"
"722","9204"
"722","9254"
"722","35884"
"722","36654"
"722","41434"
"722","44174"
"722","57364"
"722","58924"
"722","58944"
"722","61304"
"722","61664"
"722","62174"
"722","62334"
"722","69374"
"722","69384"
"722","70664"
"722","72844"
"722","73114"
"722","78124"
"722","78144"
"722","78184"
"722","78284"
"722","78534"
"722","81234"
"722","86694"
"723","21484"
"723","42294"
"725","6072"
"725","22864"
"725","34301"
"725","37674"
"725","38094"
"725","38134"
"725","43784"
"725","58304"
"725","64684"
"725","69904"
"725","71524"
"725","79094"
"725","81814"
"725","82224"
"728","11854"
"728","70084"
"730","4724"
"733","21464"
"733","23194"
"733","27314"
"733","34114"
"733","40414"
"733","40694"
"734","3454"
"734","13044"
"734","22854"
"734","22864"
"734","33664"
"734","34074"
"734","34084"
"734","34301"
"734","37544"
"734","38134"
"734","44744"
"734","46044"
"734","58304"
"734","65904"
"734","69044"
"734","74224"
"734","74244"
"734","75804"
"734","76064"
"734","78384"
"734","79194"
"734","79254"
"734","79834"
"734","79884"
"734","80674"
"734","84594"
"734","86994"
"734","87004"
"734","87014"
"734","91074"
"736","40574"
"736","40584"
"737","25184"
"737","38934"
"737","57614"
"737","63434"
"737","69264"
"737","69274"
"738","8964"
"738","57901"
"738","77704"
"738","78984"
"738","81134"
"739","12914"
"739","89584"
"739","90034"
"740","13544"
"741","36324"
"741","36424"
"742","16564"
"742","27474"
"742","59944"
"743","23554"
"743","80714"
"744","12613"
"744","19583"
"744","34044"
"744","36914"
"744","88334"
"745","4414"
"745","43674"
"749","19614"
"749","39414"
"754","43644"
"754","83974"
"756","10664"
"757","43874"
"758","33754"
"758","62524"
"758","68584"
"758","79144"
"758","79354"
"758","89174"
"759","13934"
"759","25904"
"759","40314"
"759","40324"
"759","78054"
"759","79604"
"760","44404"
"760","58844"
"760","59444"
"760","64624"
"760","64634"
"760","66374"
"760","66394"
"760","70184"
"760","70204"
"760","70214"
"760","82024"
"761","44554"
"762","61344"
"762","61394"
"762","62304"
"763","44414"
"765","42554"
"765","88134"
"765","88144"
"765","92284"
"765","92294"
"766","44424"
"767","43994"
"769","5134"
"771","44044"
"771","62194"
"772","39374"
"774","36614"
"775","26694"
"776","3974"
"776","36304"
"776","59914"
"777","44724"
"778","27874"
"779","44694"
"780","58134"
"781","14894"
"781","14904"
"781","14914"
"781","78674"
"782","14864"
"1240","14594"
"1240","58594"
"1242","57334"
"1242","57344"
"1243","38334"
"1244","4704"
"1244","15434"
"1244","15444"
"1246","43564"
"1246","43754"
"1246","57444"
"1246","70124"
"1246","76554"
"1246","76584"
"1246","90294"
"1247","57454"
"1248","25082"
"1251","12064"
"1251","39914"
"1252","45004"
"1255","59794"
"1256","73764"
"1257","59894"
"1258","59954"
"1259","3191"
"1259","59974"
"1260","59904"
"1261","17394"
"1261","20994"
"1261","60054"
"1261","66794"
"1261","67104"
"1261","67274"
"1261","79634"
"1261","86324"
"1261","92544"
"1264","60374"
"1265","60384"
"1265","60394"
"1266","38864"
"1266","38874"
"1266","59004"
"1266","61344"
"1266","61394"
"1266","61404"
"1266","61634"
"1266","62304"
"1266","72274"
"1266","74464"
"1266","79504"
"1266","82484"
"1266","83744"
"1267","34114"
"1267","88944"
"1267","90924"
"1268","68464"
"1268","68474"
"1268","69134"
"1268","77614"
"1269","60964"
"1270","5651"
"1270","60994"
"1271","61014"
"1272","10683"
"1272","90584"
"1273","58784"
"1273","61284"
"1274","61264"
"1275","61474"
"1281","61544"
"1292","61804"
"1292","63664"
"1292","63674"
"1296","92564"
"1303","61814"
"1305","62154"
"1305","62164"
"1307","62244"
"1308","62514"
"1313","63484"
"1313","66414"
"1313","70914"
"1313","78814"
"1314","63614"
"1316","64114"
"1317","64144"
"1323","64204"
"1326","13764"
"1326","15494"
"1327","4404"
"1327","7211"
"1327","58784"
"1327","61284"
"1327","66774"
"1327","81304"
"1327","85804"
"1327","86064"
"1328","5041"
"1328","44684"
"1328","62494"
"1328","64334"
"1328","72724"
"1328","76714"
"1328","78984"
"1328","85354"
"1328","89204"
"1329","13323"
"1329","30522"
"1329","88314"
"1330","27783"
"1330","52471"
"1330","64374"
"1330","68804"
"1330","81684"
"1330","86404"
"1331","42154"
"1331","52471"
"1331","61074"
"1331","63334"
"1331","64344"
"1331","64404"
"1331","64424"
"1331","67844"
"1331","68804"
"1331","72334"
"1331","79394"
"1331","80884"
"1331","85364"
"1331","87374"
"1331","89214"
"1331","90344"
"1332","12003"
"1332","12013"
"1332","12023"
"1332","12053"
"1332","64354"
"1332","64364"
"1332","64384"
"1332","64394"
"1332","64414"
"1332","68794"
"1332","87994"
"1332","88214"
"1332","90854"
"1332","90934"
"1332","91274"
"1333","3654"
"1333","12043"
"1333","62494"
"1333","68794"
"1334","61084"
"1334","61154"
"1334","61274"
"1334","82494"
"1334","83484"
"1334","84394"
"1334","84404"
"1334","84614"
"1334","85984"
"1334","86004"
"1334","86014"
"1334","86044"
"1334","87244"
"1334","89104"
"1334","90794"
"1334","91494"
"1334","92624"
"1335","104"
"1335","2983"
"1335","3053"
"1335","13482"
"1335","30524"
"1335","45154"
"1335","61324"
"1335","63064"
"1335","63194"
"1335","63264"
"1335","68414"
"1335","76794"
"1335","82074"
"1335","82454"
"1335","84634"
"1335","85714"
"1335","85724"
"1335","85734"
"1335","85744"
"1335","85754"
"1335","87144"
"1335","87874"
"1335","88634"
"1335","89154"
"1335","89794"
"1335","92614"
"1335","92644"
"1336","1631"
"1336","3013"
"1336","3073"
"1336","17871"
"1336","62944"
"1336","63074"
"1336","63274"
"1336","64564"
"1336","70014"
"1336","71604"
"1336","79234"
"1336","79294"
"1336","84264"
"1336","85004"
"1336","85194"
"1336","85284"
"1336","85294"
"1336","85324"
"1336","85334"
"1336","85894"
"1336","85924"
"1336","85934"
"1336","89064"
"1336","89774"
"1336","89784"
"1336","90774"
"1337","1621"
"1337","1671"
"1337","18001"
"1337","62994"
"1337","63094"
"1337","63284"
"1337","64264"
"1337","64434"
"1337","70014"
"1337","73074"
"1337","75224"
"1337","84374"
"1337","85654"
"1337","85664"
"1337","85674"
"1337","87474"
"1337","88884"
"1337","92374"
"1337","92384"
"1337","92484"
"1338","40854"
"1338","62314"
"1338","86784"
"1338","86794"
"1338","86804"
"1339","1304"
"1339","3083"
"1339","36544"
"1339","64274"
"1339","64294"
"1339","64304"
"1339","64324"
"1339","71614"
"1339","74834"
"1339","77524"
"1339","77654"
"1339","77664"
"1339","79224"
"1339","81694"
"1339","85234"
"1339","85574"
"1339","85584"
"1339","85824"
"1339","86094"
"1339","86104"
"1339","86114"
"1339","86134"
"1339","86504"
"1339","86514"
"1339","86774"
"1339","87464"
"1339","89914"
"1339","91544"
"1339","91554"
"1340","3884"
"1340","60714"
"1340","70874"
"1340","77384"
"1340","77394"
"1340","77644"
"1340","84794"
"1340","86944"
"1340","90624"
"1340","90634"
"1340","90984"
"1340","90994"
"1340","91014"
"1340","91034"
"1340","92604"
"1342","10254"
"1342","59064"
"1342","86024"
"1342","86034"
"1342","88154"
"1342","88164"
"1343","27132"
"1343","62884"
"1343","63104"
"1343","64284"
"1343","67254"
"1343","67264"
"1343","73144"
"1343","73964"
"1343","77604"
"1343","87254"
"1343","87264"
"1343","91114"
"1343","91324"
"1344","17003"
"1344","61134"
"1344","61144"
"1344","61174"
"1344","62934"
"1344","62964"
"1344","63204"
"1344","63314"
"1344","70684"
"1344","81794"
"1344","84454"
"1344","85624"
"1344","85704"
"1345","2904"
"1345","5654"
"1345","5884"
"1345","9493"
"1345","28234"
"1345","31092"
"1345","59234"
"1345","62534"
"1345","62954"
"1345","62994"
"1345","63014"
"1345","63124"
"1345","63234"
"1345","63254"
"1345","72364"
"1345","72574"
"1345","83264"
"1345","83274"
"1345","83284"
"1345","83424"
"1345","90454"
"1345","92604"
"1346","61794"
"1348","2964"
"1348","3754"
"1348","37534"
"1348","40854"
"1348","42184"
"1348","44524"
"1348","58384"
"1348","58644"
"1348","58654"
"1348","58744"
"1348","60754"
"1348","61604"
"1348","64554"
"1348","64564"
"1348","65874"
"1348","66184"
"1348","66194"
"1348","68444"
"1348","69504"
"1348","69734"
"1348","69764"
"1348","71734"
"1348","73874"
"1348","78454"
"1348","84014"
"1348","89574"
"1348","89594"
"1348","89604"
"1348","89774"
"1348","89784"
"1350","64834"
"1351","58794"
"1352","65474"
"1353","65304"
"1353","65314"
"1353","65334"
"1353","68484"
"1354","42254"
"1355","22382"
"1356","7293"
"1358","65824"
"1358","65834"
"1359","4464"
"1359","4474"
"1359","10534"
"1359","10824"
"1359","12543"
"1359","32474"
"1359","32484"
"1359","38334"
"1359","43254"
"1359","43264"
"1359","61824"
"1359","70594"
"1359","72984"
"1359","79074"
"1359","80494"
"1359","81504"
"1359","82974"
"1359","84414"
"1359","86744"
"1359","87564"
"1359","87654"
"1359","88394"
"1359","88404"
"1360","66004"
"1361","66114"
"1368","72774"
"1369","66544"
"1372","18373"
"1372","81154"
"1375","6021"
"1375","10672"
"1375","19493"
"1375","67034"
"1375","68224"
"1375","74504"
"1376","67154"
"1378","2693"
"1378","43384"
"1378","67464"
"1378","70104"
"1378","74134"
"1378","79204"
"1378","82114"
"1378","87444"
"1380","67544"
"1380","76504"
"1380","76514"
"1380","86154"
"1380","90394"
"1380","90404"
"1380","92044"
"1380","92054"
"1381","67554"
"1382","824"
"1382","4924"
"1382","7621"
"1382","7641"
"1382","12474"
"1382","12484"
"1382","12544"
"1382","12554"
"1382","21744"
"1382","22414"
"1382","22464"
"1382","25184"
"1382","34824"
"1382","36444"
"1382","36694"
"1382","36894"
"1382","38914"
"1382","38924"
"1382","38934"
"1382","38944"
"1382","38964"
"1382","38974"
"1382","38994"
"1382","39044"
"1382","39064"
"1382","39074"
"1382","39084"
"1382","44534"
"1382","57464"
"1382","57564"
"1382","57614"
"1382","58664"
"1382","58674"
"1382","58684"
"1382","61174"
"1382","62094"
"1382","62134"
"1382","62184"
"1382","63434"
"1382","64024"
"1382","64624"
"1382","64634"
"1382","65604"
"1382","68574"
"1382","69264"
"1382","69274"
"1382","69464"
"1382","69524"
"1382","69534"
"1382","70524"
"1382","70534"
"1382","70554"
"1382","70794"
"1382","71274"
"1382","71284"
"1382","71424"
"1382","72804"
"1382","73104"
"1382","73804"
"1382","75734"
"1382","79054"
"1382","79514"
"1382","79674"
"1382","81794"
"1382","82464"
"1382","82484"
"1382","83164"
"1382","83434"
"1382","83444"
"1382","83704"
"1382","84504"
"1382","84514"
"1382","84524"
"1382","87044"
"1382","87704"
"1382","87714"
"1382","87724"
"1382","87784"
"1382","87794"
"1382","87804"
"1382","87904"
"1382","88064"
"1382","88084"
"1382","88324"
"1382","89324"
"1382","89334"
"1382","90284"
"1382","90304"
"1382","90384"
"1382","90484"
"1382","90894"
"1382","91234"
"1382","91254"
"1382","91264"
"1382","91384"
"1382","91394"
"1382","92064"
"1382","92074"
"1384","67764"
"1385","67784"
"1386","67804"
"1387","67814"
"1388","67944"
"1390","67914"
"1393","68534"
"1393","74734"
"1393","74744"
"1395","68564"
"1396","68894"
"1398","79814"
"1398","81314"
"1399","59234"
"1399","68934"
"1399","68944"
"1399","83264"
"1399","83274"
"1399","83284"
"1399","83294"
"1399","83424"
"1400","27011"
"1401","69784"
"1402","534"
"1402","69944"
"1402","70844"
"1403","5661"
"1403","91334"
"1404","70154"
"1405","70404"
"1406","11051"
"1407","5091"
"1408","70334"
"1410","71174"
"1410","80674"
"1410","87664"
"1411","71224"
"1412","71254"
"1412","74194"
"1415","9603"
"1415","17264"
"1415","17274"
"1415","82894"
"1415","82904"
"1415","82914"
"1415","90604"
"1416","12422"
"1417","72514"
"1418","72524"
"1419","61954"
"1420","104"
"1420","45154"
"1420","63194"
"1420","73444"
"1420","82454"
"1420","84624"
"1420","84634"
"1420","85714"
"1420","89154"
"1420","92614"
"1421","1631"
"1421","63274"
"1421","64564"
"1421","79234"
"1421","79294"
"1421","84264"
"1421","85004"
"1421","85024"
"1421","85034"
"1421","85194"
"1421","85324"
"1421","85334"
"1421","85894"
"1421","89774"
"1421","89784"
"1422","17871"
"1423","3013"
"1423","71604"
"1423","85924"
"1423","85934"
"1423","89064"
"1423","90774"
"1424","3073"
"1424","62944"
"1424","63074"
"1424","85284"
"1424","85294"
"1425","1671"
"1425","64434"
"1425","87474"
"1426","1621"
"1426","63094"
"1426","64264"
"1426","84374"
"1426","85654"
"1426","85664"
"1426","85674"
"1426","92384"
"1426","92484"
"1427","18001"
"1427","63284"
"1428","30524"
"1428","61324"
"1428","63064"
"1428","76794"
"1428","82074"
"1428","82454"
"1428","84634"
"1428","85734"
"1428","86074"
"1428","87144"
"1429","3053"
"1429","69584"
"1429","80444"
"1429","87874"
"1430","2983"
"1430","63264"
"1430","85724"
"1430","85744"
"1430","85754"
"1430","92644"
"1431","13482"
"1431","85754"
"1431","92644"
"1432","15333"
"1432","18233"
"1432","78444"
"1432","83544"
"1435","73154"
"1435","81464"
"1435","91684"
"1436","44374"
"1436","44834"
"1436","44844"
"1436","72034"
"1436","73504"
"1436","81084"
"1436","90114"
"1436","90124"
"1437","85314"
"1437","88864"
"1437","92394"
"1438","10904"
"1438","16334"
"1438","26174"
"1438","28824"
"1438","29474"
"1438","29524"
"1438","29584"
"1438","29594"
"1438","29604"
"1438","29614"
"1438","30284"
"1438","31334"
"1438","31554"
"1438","31954"
"1438","32144"
"1438","34834"
"1438","34844"
"1438","34914"
"1438","35524"
"1438","35534"
"1438","39834"
"1439","73884"
"1440","74084"
"1449","72584"
"1450","75034"
"1450","78204"
"1452","20424"
"1452","28903"
"1452","61764"
"1453","10963"
"1453","19534"
"1453","20334"
"1453","23194"
"1453","23724"
"1453","36194"
"1453","38284"
"1453","40404"
"1453","40414"
"1453","40424"
"1453","61904"
"1453","64704"
"1453","66914"
"1453","68424"
"1453","68454"
"1453","90174"
"1453","91994"
"1454","74554"
"1454","74564"
"1454","74574"
"1454","74724"
"1454","74784"
"1454","74894"
"1454","78704"
"1454","81044"
"1455","79264"
"1455","79274"
"1455","79284"
"1456","73964"
"1456","75344"
"1456","86674"
"1457","59834"
"1457","83234"
"1457","86644"
"1458","63084"
"1458","68794"
"1459","76964"
"1460","6403"
"1460","77844"
"1461","75444"
"1462","82704"
"1466","77804"
"1466","77834"
"1467","61134"
"1467","62964"
"1467","73874"
"1467","80404"
"1467","85894"
"1469","78524"
"1470","78604"
"1470","78614"
"1471","83104"
"1472","79334"
"1473","18074"
"1473","20844"
"1473","25872"
"1473","34294"
"1473","57364"
"1473","59174"
"1473","61774"
"1473","62894"
"1473","67404"
"1473","69914"
"1473","70834"
"1473","74564"
"1473","80424"
"1473","81204"
"1473","81214"
"1473","83214"
"1473","84324"
"1473","85494"
"1473","86204"
"1473","88814"
"1473","91434"
"1474","2144"
"1474","16611"
"1474","18074"
"1474","20864"
"1474","25872"
"1474","27604"
"1474","34324"
"1474","57364"
"1474","57764"
"1474","58634"
"1474","59174"
"1474","60774"
"1474","60934"
"1474","61774"
"1474","61784"
"1474","62894"
"1474","63464"
"1474","63474"
"1474","67394"
"1474","67434"
"1474","69914"
"1474","70834"
"1474","74364"
"1474","74374"
"1474","74384"
"1474","74544"
"1474","74564"
"1474","74714"
"1474","75254"
"1474","77354"
"1474","77814"
"1474","80424"
"1474","81204"
"1474","81214"
"1474","83214"
"1474","84324"
"1474","85494"
"1474","86204"
"1474","88824"
"1475","80404"
"1476","57484"
"1476","80444"
"1477","80474"
"1478","81484"
"1480","81534"
"1480","90204"
"1481","81644"
"1482","81724"
"1483","87034"
"1484","81764"
"1485","82234"
"1486","44552"
"1487","82274"
"1488","82564"
"1488","91784"
"1489","18483"
"1489","83044"
"1489","83054"
"1489","83064"
"1489","83074"
"1492","84474"
"1493","84464"
"1494","31764"
"1494","47122"
"1494","85694"
"1495","86854"
"1496","87354"
"1497","87454"
"1498","87514"
"1499","87544"
"1500","72364"
"1500","88204"
"1501","88264"
"1502","44044"
"1502","59834"
"1502","62194"
"1502","83234"
"1502","86644"
"1505","90144"
"1505","90154"
"1507","73904"
"1507","90164"
"1508","90184"
"1509","32404"
"1509","72624"
"1510","91244"
"1512","91284"
"1513","92524"
